{
  "5x5": {
    "island_weight": [
      2.0,
      3.142857142857143
    ],
    "island_amount_weight": [
      0.24,
      0.4
    ],
    "below_seven_weight": [
      6.0,
      10.0
    ],
    "by_rule_steps": [
      7.0,
      44.049999999999955
    ],
    "brutal_steps": [
      0.0,
      3.0
    ],
    "easy_threshold": 0.19266192787196357,
    "intermediate_threshold": 0.2924257759784076
  },
  "10x10": {
    "island_weight": [
      2.5384615384615383,
      3.2
    ],
    "island_amount_weight": [
      0.19,
      0.29
    ],
    "below_seven_weight": [
      19.0,
      28.0
    ],
    "by_rule_steps": [
      27.0,
      140.29999999999995
    ],
    "brutal_steps": [
      0.0,
      4.0
    ],
    "easy_threshold": 0.21537245336635719,
    "intermediate_threshold": 0.3644617631883067
  },
  "15x15": {
    "island_weight": [
      2.6666666666666665,
      3.1818181818181817
    ],
    "island_amount_weight": [
      0.16,
      0.2222222222222222
    ],
    "below_seven_weight": [
      36.0,
      49.0
    ],
    "by_rule_steps": [
      60.0,
      385.25
    ],
    "brutal_steps": [
      0.0,
      10.0
    ],
    "easy_threshold": 0.2361582551384055,
    "intermediate_threshold": 0.3494697079892674
  },
  "20x20": {
    "island_weight": [
      2.729895104895105,
      3.169811320754717
    ],
    "island_amount_weight": [
      0.12,
      0.1575
    ],
    "below_seven_weight": [
      47.0,
      62.0
    ],
    "by_rule_steps": [
      85.0,
      756.0
    ],
    "brutal_steps": [
      0.0,
      24.25
    ],
    "easy_threshold": 0.22364842978703076,
    "intermediate_threshold": 0.3093727550329395
  },
  "25x25": {
    "island_weight": [
      2.754098360655738,
      3.169288824383164
    ],
    "island_amount_weight": [
      0.088,
      0.1136
    ],
    "below_seven_weight": [
      54.0,
      70.0
    ],
    "by_rule_steps": [
      98.0,
      898.299999999997
    ],
    "brutal_steps": [
      0.0,
      45.0
    ],
    "easy_threshold": 0.19189543315165444,
    "intermediate_threshold": 0.268942148313446
  },
  "30x30": {
    "island_weight": [
      2.763157894736842,
      3.15625
    ],
    "island_amount_weight": [
      0.06555555555555556,
      0.08444444444444445
    ],
    "below_seven_weight": [
      57.0,
      74.0
    ],
    "by_rule_steps": [
      100.0,
      736.0
    ],
    "brutal_steps": [
      0.0,
      18.0
    ],
    "easy_threshold": 0.22906788199862346,
    "intermediate_threshold": 0.32697958114465336
  },
  "35x35": {
    "island_weight": [
      2.752272727272727,
      3.1553257042253517
    ],
    "island_amount_weight": [
      0.05061224489795919,
      0.06448979591836734
    ],
    "below_seven_weight": [
      60.0,
      77.0
    ],
    "by_rule_steps": [
      105.7,
      611.8999999999999
    ],
    "brutal_steps": [
      0.0,
      12.0
    ],
    "easy_threshold": 0.25129665989161204,
    "intermediate_threshold": 0.3934345531398828
  },
  "40x40": {
    "island_weight": [
      2.779220779220779,
      3.1621621621621623
    ],
    "island_amount_weight": [
      0.04,
      0.05125
    ],
    "below_seven_weight": [
      62.0,
      79.0
    ],
    "by_rule_steps": [
      109.5,
      718.0
    ],
    "brutal_steps": [
      0.0,
      17.5
    ],
    "easy_threshold": 0.23018906445972923,
    "intermediate_threshold": 0.3238427153044073
  },
  "45x45": {
    "island_weight": [
      2.760402923872348,
      3.15
    ],
    "island_amount_weight": [
      0.03259259259259259,
      0.04098765432098765
    ],
    "below_seven_weight": [
      64.0,
      81.0
    ],
    "by_rule_steps": [
      111.85,
      648.15
    ],
    "brutal_steps": [
      0.0,
      10.149999999999977
    ],
    "easy_threshold": 0.2551040413682142,
    "intermediate_threshold": 0.3866131738229242
  },
  "50x50": {
    "island_weight": [
      2.770620945319741,
      3.156943563728599
    ],
    "island_amount_weight": [
      0.0268,
      0.034
    ],
    "below_seven_weight": [
      66.0,
      82.25
    ],
    "by_rule_steps": [
      111.0,
      630.25
    ],
    "brutal_steps": [
      0.0,
      11.0
    ],
    "easy_threshold": 0.25083633216569196,
    "intermediate_threshold": 0.39556638316466797
  }
}