{
  "5x5": {
    "island_weight": [
      2.0,
      3.25
    ],
    "island_amount_weight": [
      0.24,
      0.4
    ],
    "below_seven_weight": [
      6.0,
      10.0
    ],
    "by_rule_steps": [
      7.0,
      41.09999999999991
    ],
    "brutal_steps": [
      0.0,
      3.0
    ]
  },
  "10x10": {
    "island_weight": [
      2.5454545454545454,
      3.2142857142857144
    ],
    "island_amount_weight": [
      0.19,
      0.29
    ],
    "below_seven_weight": [
      18.0,
      29.0
    ],
    "by_rule_steps": [
      27.0,
      139.14999999999998
    ],
    "brutal_steps": [
      0.0,
      4.0
    ]
  },
  "15x15": {
    "island_weight": [
      2.6666666666666665,
      3.1904761904761907
    ],
    "island_amount_weight": [
      0.16,
      0.2222222222222222
    ],
    "below_seven_weight": [
      36.0,
      50.0
    ],
    "by_rule_steps": [
      61.0,
      451.0
    ],
    "brutal_steps": [
      0.0,
      9.0
    ]
  },
  "20x20": {
    "island_weight": [
      2.7450980392156863,
      3.169811320754717
    ],
    "island_amount_weight": [
      0.12,
      0.1575
    ],
    "below_seven_weight": [
      47.0,
      62.0
    ],
    "by_rule_steps": [
      86.0,
      722.0
    ],
    "brutal_steps": [
      0.0,
      27.0
    ]
  },
  "25x25": {
    "island_weight": [
      2.742857142857143,
      3.161290322580645
    ],
    "island_amount_weight": [
      0.0864,
      0.1136
    ],
    "below_seven_weight": [
      53.0,
      70.0
    ],
    "by_rule_steps": [
      99.0,
      765.0
    ],
    "brutal_steps": [
      0.0,
      26.25
    ]
  },
  "30x30": {
    "island_weight": [
      2.753623188405797,
      3.158199847444698
    ],
    "island_amount_weight": [
      0.06555555555555556,
      0.08333333333333331
    ],
    "below_seven_weight": [
      57.0,
      73.0
    ],
    "by_rule_steps": [
      103.0,
      873.7999999999994
    ],
    "brutal_steps": [
      0.0,
      17.399999999999864
    ]
  },
  "35x35": {
    "island_weight": [
      2.762907268170426,
      3.1614646904969486
    ],
    "island_amount_weight": [
      0.05061224489795919,
      0.06448979591836734
    ],
    "below_seven_weight": [
      60.0,
      77.0
    ],
    "by_rule_steps": [
      108.0,
      699.1999999999996
    ],
    "brutal_steps": [
      0.0,
      13.0
    ]
  },
  "40x40": {
    "island_weight": [
      2.770879120879121,
      3.1621621621621623
    ],
    "island_amount_weight": [
      0.04,
      0.05125
    ],
    "below_seven_weight": [
      62.0,
      80.0
    ],
    "by_rule_steps": [
      111.0,
      848.5
    ],
    "brutal_steps": [
      0.0,
      14.0
    ]
  },
  "45x45": {
    "island_weight": [
      2.7704355885078775,
      3.1538461538461537
    ],
    "island_amount_weight": [
      0.03259259259259259,
      0.04098765432098765
    ],
    "below_seven_weight": [
      64.0,
      81.0
    ],
    "by_rule_steps": [
      109.0,
      713.2499999999986
    ],
    "brutal_steps": [
      0.0,
      17.699999999999818
    ]
  },
  "50x50": {
    "island_weight": [
      2.764551083591331,
      3.1507679535076796
    ],
    "island_amount_weight": [
      0.0272,
      0.034
    ],
    "below_seven_weight": [
      66.0,
      83.0
    ],
    "by_rule_steps": [
      113.0,
      571.2999999999988
    ],
    "brutal_steps": [
      0.0,
      9.099999999999909
    ]
  }
}